[
  {
    "title": "INSPIRE ME",
    "url": "/product/detail/product_sku/product-123",
    "thumbnail_image_url": "https://example.com/small-image.jpg",
    "banner_image_url": "https://matalanb-content.imgix.net/uploads/asset_file/asset_file/153468/1510310716.02839-inspire-me_03.jpg?ixlib=rails-2.1.4&auto=format%2Ccompress&cs=tinysrgb&w=1400&h=466&dpr=2&q=30&s=f31bef5105c8d01bf6fcaeaad82abc26",
    "banner_link_url": "https://nativeapp-matalanb.shiftpreview.com/inspire-me",
    "highlight": false,
    "menu_items": [
      {
        "title": "THE SHOW",
        "url": "https://nativeapp-matalanb.shiftpreview.com/inspire-me",
        "thumbnail_image_url": "https://...",
        "banner_image_url": null,
        "banner_link_url": null,
        "highlight": false,
        "menu_items": [

        ]
      },
      {
        "title": "CHRISTMAS COMFORTS",
        "url": "https://nativeapp-matalanb.shiftpreview.com/inspire-me",
        "thumbnail_image_url": "https://...",
        "banner_image_url": null,
        "banner_link_url": null,
        "highlight": false,
        "menu_items": [

        ]
      }
    ]
  },
  {
    "title": "WOMENS",
    "url": "https://nativeapp-matalanb.shiftpreview.com/womens/highlights/womens-new-arrivals",
    "thumbnail_image_url": "https://example.com/small-image.jpg",
    "banner_image_url": "https://matalanb-content.imgix.net/uploads/asset_file/asset_file/157915/1513760833.645359-Week-44-Department-Boys_03.jpg?ixlib=rails-2.1.4&auto=format%2Ccompress&cs=tinysrgb&w=994&dpr=2&q=30&s=805895ead037e62ede0b623a7920613a",
    "banner_link_url": "https://nativeapp-matalanb.shiftpreview.com/womens",
    "highlight": false,
    "menu_items": [
      {
        "title": "New In",
        "url": "/customer-services/delivery",
        "thumbnail_image_url": "https://...",
        "banner_image_url": null,
        "banner_link_url": null,
        "highlight": true,
        "menu_items": [
          {
            "title": "Shop All EDITED",
            "url": "https://nativeapp-matalanb.shiftpreview.com/womens/highlights/womens-new-arrivals",
            "thumbnail_image_url": "https://...",
            "banner_image_url": null,
            "banner_link_url": null,
            "highlight": true,
            "menu_items": [

            ]
          }
        ]
      },
      {
        "title": "Lingerie & Nightwear",
        "url": "https://nativeapp-matalanb.shiftpreview.com/womens/shop-by-category/lingerie",
        "thumbnail_image_url": "https://...",
        "banner_image_url": null,
        "banner_link_url": null,
        "highlight": false,
        "menu_items": [

        ]
      },
      {
        "title": "Sale & Offers",
        "url": "/customer-services",
        "thumbnail_image_url": "https://...",
        "banner_image_url": "https://matalanb-content.imgix.net/uploads/asset_file/asset_file/157915/1513760833.645359-Week-44-Department-Boys_03.jpg?ixlib=rails-2.1.4&auto=format%2Ccompress&cs=tinysrgb&w=994&dpr=2&q=30&s=805895ead037e62ede0b623a7920613a",
        "banner_link_url": "https://nativeapp-matalanb.shiftpreview.com/shop-sale",
        "highlight": true,
        "menu_items": [
          {
            "title": "All Offers",
            "url": "https://nativeapp-matalanb.shiftpreview.com/womens/offers/all-offers",
            "thumbnail_image_url": "https://...",
            "banner_image_url": null,
            "banner_link_url": null,
            "highlight": true,
            "menu_items": [

            ]
          }
        ]
      }
    ]
  }
]